,City,Cloudiness,Country,Date,Humidity,Lat,Lng,Max Temp,Wind Speed
0,Zafra,73,ES,1612654510,95,38.4167,-6.4167,48.0,5.01
1,Mataura,1,NZ,1612654284,51,-46.1927,168.8643,77.47,2.15
2,Vao,0,NC,1612654324,81,-22.6667,167.4833,77.58,4.52
3,Saint-Philippe,20,RE,1612654510,78,-21.3585,55.7679,78.8,3.44
4,Vaini,75,TO,1612654510,84,-21.2,-175.2,84.2,11.5
5,Grindavik,0,IS,1612654344,64,63.8424,-22.4338,33.8,21.85
6,Albany,1,US,1612654510,43,42.6001,-73.9662,28.99,9.22
7,Cherskiy,0,RU,1612654319,80,68.75,161.3,-5.51,4.85
8,San Cristobal,40,VE,1612654316,61,7.7669,-72.225,84.2,6.91
9,Hong Kong,0,HK,1612654339,62,22.2855,114.1577,66.0,7.47
10,Saint George,1,US,1612654511,17,37.1041,-113.5841,60.8,3.44
11,Hobart,75,AU,1612654202,59,-42.8794,147.3294,64.99,13.8
12,Pangoa,54,PE,1612654492,86,-12.1167,-73.0,73.2,0.78
13,Shirokiy,1,RU,1612654511,85,49.758,129.523,-22.07,6.78
14,Rikitea,100,PF,1612654290,69,-23.1203,-134.9692,78.67,9.84
15,Wewak,95,PG,1612654511,82,-3.5534,143.6268,79.79,6.51
16,Ribeira Grande,98,PT,1612654512,87,38.5167,-28.7,61.05,22.12
17,Port Alfred,45,ZA,1612654512,89,-33.5906,26.891,68.0,3.0
18,Port Augusta,90,AU,1612654512,68,-32.5,137.7667,66.2,12.66
19,Rio de Janeiro,90,BR,1612654351,88,-22.9028,-43.2075,77.0,3.44
20,Becerril,100,CO,1612654512,55,9.7041,-73.2793,84.51,11.86
21,Dikson,89,RU,1612654286,86,73.5069,80.5464,-28.52,9.53
22,Mount Gambier,90,AU,1612654239,77,-37.8333,140.7667,59.0,8.05
23,Bereket,100,TM,1612654326,85,39.2446,55.5154,46.22,9.26
24,Makakilo City,1,US,1612654512,44,21.3469,-158.0858,78.8,12.66
25,Lumut,20,MY,1612654513,94,4.2323,100.6298,73.4,6.46
26,Otukpo,0,NG,1612654513,19,7.1913,8.1329,75.79,0.54
27,Avarua,69,CK,1612654468,70,-21.2078,-159.775,86.0,13.8
28,Ushuaia,40,AR,1612654288,76,-54.8,-68.3,51.8,21.85
29,Mudanjiang,0,CN,1612654471,87,44.5833,129.6,-4.5,3.78
30,Bengkulu,100,ID,1612654513,74,-3.8004,102.2655,76.84,4.21
31,Boende,50,CD,1612654513,79,-0.2167,20.8667,74.53,1.61
32,Clyde River,20,CA,1612654513,84,70.4692,-68.5914,-11.2,2.3
33,Zhigansk,98,RU,1612654514,81,66.7697,123.3711,-37.77,12.59
34,Tarko-Sale,100,RU,1612654514,91,64.9225,77.785,-6.18,15.39
35,Wawa,89,NG,1612654514,24,9.9022,4.4192,78.53,3.24
36,La Ronge,85,CA,1612654311,57,55.1001,-105.2842,-20.2,5.75
37,Bambous Virieux,20,MU,1612654294,83,-20.3428,57.7575,77.0,3.44
38,Lorengau,98,PG,1612654514,68,-2.0226,147.2712,85.32,5.12
39,Barrow,20,US,1612654302,77,71.2906,-156.7887,-5.8,12.66
40,Acapulco de Juárez,1,MX,1612654251,61,16.8634,-99.8901,84.2,9.22
41,Hermanus,80,ZA,1612654514,89,-34.4187,19.2345,68.0,2.91
42,Doha,0,QA,1612654361,78,25.2867,51.5333,70.0,10.36
43,Lüderitz,0,NA,1612654419,61,-26.6481,15.1594,69.22,21.54
44,Harwich,100,GB,1612654515,82,51.9419,1.2844,39.0,18.01
45,Makkah al Mukarramah,0,SA,1612654515,60,21.4267,39.8261,65.35,5.93
46,Airai,82,TL,1612654335,88,-8.9266,125.4092,68.13,3.51
47,Busselton,100,AU,1612654284,98,-33.65,115.3333,59.0,1.01
48,Oistins,20,BB,1612654515,73,13.0667,-59.5333,77.0,17.27
49,Grand Gaube,9,MU,1612654516,85,-20.0064,57.6608,75.99,1.99
50,Eureka,0,US,1612654337,74,40.8021,-124.1637,55.0,8.01
51,Kapaa,75,US,1612654516,49,22.0752,-159.319,73.4,9.22
52,Tasiilaq,75,GL,1612654282,60,65.6145,-37.6368,33.8,34.52
53,Kenai,90,US,1612654345,86,60.5544,-151.2583,19.0,8.05
54,Maningrida,100,AU,1612654516,82,-12.0667,134.2667,79.9,12.41
55,Saint Paul Harbor,20,US,1612654291,56,57.79,-152.4072,39.2,4.61
56,Bonfim,98,BR,1612654516,57,3.0833,-59.95,82.81,8.3
57,Boddam,90,GB,1612654517,60,57.4667,-1.7833,35.6,14.97
58,Chabahar,0,IR,1612654517,57,25.2919,60.643,65.7,4.43
59,Shaoyang,37,CN,1612654517,82,27.2315,111.4525,54.19,0.69
60,Atuona,83,PF,1612654517,76,-9.8,-139.0333,80.28,19.39
61,Tilichiki,100,RU,1612654511,88,60.4667,166.1,12.96,15.82
62,San Ramon,1,US,1612654372,21,37.7799,-121.978,68.0,10.36
63,Upernavik,86,GL,1612654284,78,72.7868,-56.1549,18.01,2.08
64,Lebu,64,CL,1612654517,91,-37.6167,-73.65,59.18,2.17
65,Nemuro,100,JP,1612654517,96,43.3236,145.575,24.57,11.23
66,Yuanping,0,CN,1612654518,85,38.7153,112.7575,28.65,5.26
67,Castro,0,BR,1612654518,91,-24.7911,-50.0119,60.71,9.42
68,Matagami,90,CA,1612654518,79,49.7502,-77.6328,10.4,8.05
69,Banjar,20,ID,1612654518,94,-8.19,114.9675,77.0,1.14
70,Iranshahr,0,IR,1612654518,43,27.2025,60.6848,52.38,0.69
71,Marang,40,MY,1612654518,94,5.2056,103.2059,75.2,2.3
72,Hilo,1,US,1612654519,41,19.7297,-155.09,80.6,9.22
73,Qaanaaq,99,GL,1612654519,86,77.484,-69.3632,10.09,7.31
74,Longyearbyen,75,SJ,1612654519,79,78.2186,15.6401,19.4,11.5
75,Katsuura,0,JP,1612654519,61,35.1333,140.3,51.01,4.61
76,Bredasdorp,63,ZA,1612654290,68,-34.5322,20.0403,69.8,5.75
77,Dunedin,1,NZ,1612654386,67,-45.8742,170.5036,66.0,8.99
78,Cockburn Town,40,TC,1612654519,78,21.4612,-71.1419,77.0,17.27
79,Sola,34,VU,1612654520,71,-13.8833,167.55,82.17,4.7
80,Ngunguru,100,NZ,1612654520,71,-35.6167,174.5,70.0,8.01
81,Tiksi,100,RU,1612654280,84,71.6872,128.8694,-25.71,4.56
82,Pilar,0,BR,1612654520,88,-9.5972,-35.9567,77.0,11.5
83,Tabuk,43,PH,1612654520,84,17.4189,121.4443,73.62,0.54
84,Punta Arenas,40,CL,1612654284,58,-53.15,-70.9167,55.4,23.02
85,Wanaka,12,NZ,1612654520,42,-44.7,169.15,73.33,4.25
86,Puerto Ayora,0,EC,1612654286,62,-0.7393,-90.3518,86.0,16.11
87,Cape Town,20,ZA,1612654521,78,-33.9258,18.4232,71.01,10.36
88,Moranbah,100,AU,1612654521,54,-22.0016,148.0466,87.06,8.99
89,Tuatapere,1,NZ,1612654521,48,-46.1333,167.6833,70.57,3.83
90,East London,10,ZA,1612654291,91,-33.0153,27.9116,74.75,10.83
91,Rocha,0,UY,1612654521,93,-34.4833,-54.3333,64.22,5.59
92,Morehead,90,US,1612654521,52,37.2711,-87.1764,42.8,4.61
93,Turukhansk,100,RU,1612654521,91,65.8167,87.9833,-3.12,13.47
94,Soyo,100,AO,1612654521,86,-6.1349,12.3689,80.08,8.79
95,Padang,20,ID,1612654294,88,-0.9492,100.3543,71.6,3.44
96,Pontianak,75,ID,1612654522,94,-0.0333,109.3333,77.0,2.75
97,Klyuchi,79,RU,1612654522,98,52.2667,79.1667,31.14,25.93
98,Coquimbo,0,CL,1612654428,68,-29.9533,-71.3436,64.4,10.36
99,Kashiwazaki,77,JP,1612654522,85,37.3667,138.55,41.0,14.14
100,Bydgoszcz,0,PL,1612654522,79,53.1235,18.0076,16.0,6.91
101,Korla,0,CN,1612654522,86,41.7597,86.1469,24.98,2.24
102,Arraial do Cabo,100,BR,1612654381,83,-22.9661,-42.0278,75.58,5.23
103,Dingle,70,PH,1612654523,85,10.9995,122.6711,78.71,11.36
104,San Quintín,0,MX,1612654523,62,30.4833,-115.95,63.63,11.9
105,Paka,20,MY,1612654523,94,4.6374,103.4368,73.4,2.3
106,Avera,90,US,1612654523,90,33.194,-82.5271,42.8,8.05
107,Pisco,75,PE,1612654288,78,-13.7,-76.2167,73.4,4.61
108,Sakaraha,4,MG,1612654523,93,-22.9,44.5333,73.09,1.54
109,Mayo,1,US,1612654366,61,38.8876,-76.5119,44.01,3.44
110,Cap Malheureux,8,MU,1612654323,85,-19.9842,57.6142,75.99,3.0
111,Bom Jesus,100,BR,1612654524,94,-9.0744,-44.3586,72.77,2.57
112,Tuktoyaktuk,90,CA,1612654306,76,69.4541,-133.0374,-16.6,24.16
113,Vostok,100,RU,1612654300,90,46.4856,135.8833,-8.5,2.44
114,Bowen,40,AU,1612654524,74,-20.0167,148.2333,84.2,6.91
115,Bluff,2,NZ,1612654308,68,-46.6,168.3333,61.34,6.4
116,Carballo,85,ES,1612654524,93,43.213,-8.691,39.99,1.68
117,Souillac,20,MU,1612654469,83,-20.5167,57.5167,77.0,3.44
118,Port Keats,97,AU,1612654524,73,-14.25,129.55,84.65,11.61
119,Butaritari,92,KI,1612654525,80,3.0707,172.7902,81.21,20.56
120,Cham,20,CH,1612654525,100,47.1821,8.4636,42.01,1.14
121,Cabedelo,20,BR,1612654525,78,-6.9811,-34.8339,80.6,5.75
122,Meulaboh,83,ID,1612654525,91,4.1363,96.1285,75.81,5.99
123,George Town,20,MY,1612654525,83,5.4112,100.3354,78.8,1.14
124,Borogontsy,100,RU,1612654312,81,62.6683,131.1683,-34.4,2.93
125,Pangnirtung,85,CA,1612654311,80,66.1451,-65.7125,24.08,3.49
126,Taipu,40,BR,1612654525,78,-5.6217,-35.5967,80.6,4.61
127,Khatanga,0,RU,1612654526,78,71.9667,102.5,-35.75,8.12
128,Lavrentiya,0,RU,1612654282,79,65.5833,-171.0,-8.01,1.34
129,Rundu,99,NA,1612654526,88,-17.9333,19.7667,69.87,1.48
130,Nizhnevartovsk,90,RU,1612654526,93,60.9344,76.5531,33.8,11.18
131,Arona,40,ES,1612654526,67,28.0996,-16.681,61.0,8.05
132,Rio Grande,0,BR,1612654278,91,-32.035,-52.0986,68.0,7.2
133,Harper,6,LR,1612654526,88,4.375,-7.7169,79.39,8.7
134,Waipawa,98,NZ,1612654527,72,-41.4122,175.5153,72.0,10.36
135,Kumul,22,CN,1612654527,78,42.8,93.45,30.2,5.28
136,Muroto-misakicho,75,JP,1612654527,75,33.2833,134.15,42.8,8.05
137,Ambilobe,99,MG,1612654341,94,-13.2,49.05,73.11,2.51
138,Carnarvon,31,AU,1612654282,100,-24.8667,113.6333,80.6,11.5
139,Pevek,49,RU,1612654334,87,69.7008,170.3133,-6.47,5.55
140,Chara,79,RU,1612654527,71,56.9064,118.2631,-18.74,1.14
141,Nyurba,25,RU,1612654406,84,63.2842,118.3319,-31.09,2.98
142,Vyazniki,100,RU,1612654528,90,56.25,42.1667,-4.31,9.64
143,Severo-Kuril'sk,99,RU,1612654288,93,50.6789,156.125,22.59,15.46
144,Husavik,90,IS,1612654443,69,66.0449,-17.3389,33.8,2.3
145,Tabas,2,IR,1612654528,25,33.5959,56.9244,48.2,2.3
146,Balsas,100,BR,1612654528,90,-7.5325,-46.0356,73.74,2.86
147,Ierapetra,17,GR,1612654528,90,35.01,25.7353,57.99,10.87
148,Quelimane,40,MZ,1612654528,84,-17.8786,36.8883,84.2,3.44
149,San Fernando del Valle de Catamarca,7,AR,1612654528,79,-28.4696,-65.7852,66.0,15.01
150,Izhma,99,RU,1612654528,82,65.0083,53.9113,-31.18,10.47
151,Oxnard,1,US,1612654276,37,34.1975,-119.177,73.0,5.75
152,Jamestown,1,US,1612654282,53,42.097,-79.2353,17.6,6.91
153,São Gabriel da Cachoeira,20,BR,1612654529,83,-0.1303,-67.0892,77.11,0.43
154,Saskylakh,42,RU,1612654301,78,71.9167,114.0833,-41.35,7.58
155,Alofi,100,NU,1612654529,74,-19.0595,-169.9187,86.0,11.5
156,Verkh-Usugli,73,RU,1612654529,84,52.7,115.1667,-15.29,1.88
157,Capul,56,PH,1612654529,84,12.4237,124.1811,80.01,14.63
158,Anadyr,0,RU,1612654530,77,64.75,177.4833,-5.01,2.01
159,Canto do Buriti,100,BR,1612654530,87,-8.11,-42.9444,73.17,5.68
160,Faanui,2,PF,1612654313,66,-16.4833,-151.75,82.47,9.19
161,Vanavara,100,RU,1612654530,95,60.34,102.2797,9.25,8.77
162,São João da Barra,100,BR,1612654530,96,-21.6403,-41.0511,71.13,15.66
163,Puerto Carreño,95,CO,1612654530,47,6.189,-67.4859,86.76,13.98
164,Zhengjiatun,32,CN,1612654530,90,43.5064,123.5064,-0.96,8.1
165,Cayenne,75,GF,1612654530,100,4.9333,-52.3333,77.0,13.22
166,Am Timan,4,TD,1612654317,25,11.0297,20.2827,66.02,9.06
167,Thompson,75,CA,1612654300,62,55.7435,-97.8558,-25.6,13.8
168,Starotimoshkino,100,RU,1612654531,89,53.7191,47.5312,-5.62,12.44
169,Touros,40,BR,1612654531,78,-5.1989,-35.4608,78.8,4.61
170,Sur,0,OM,1612654531,67,22.5667,59.5289,62.31,5.82
171,Lompoc,1,US,1612654264,63,34.6391,-120.4579,64.0,14.97
172,Copperas Cove,1,US,1612654531,29,31.1241,-97.9031,66.2,21.85
173,Autazes,93,BR,1612654531,92,-3.5797,-59.1306,76.32,0.34
174,Bogorodskoye,100,RU,1612654531,92,56.55,37.8833,-2.43,10.87
175,Albemarle,90,US,1612654459,43,35.3501,-80.2001,48.2,5.75
176,Hirado,40,JP,1612654532,93,33.3597,129.5531,51.01,3.44
177,Bakchar,100,RU,1612654532,97,57.0186,82.0711,29.79,10.85
178,Cabo San Lucas,1,MX,1612654287,56,22.8909,-109.9124,77.0,6.91
179,Romitan,75,UZ,1612654532,81,39.9343,64.3814,46.4,4.61
180,Hualmay,88,PE,1612654532,77,-11.0964,-77.6139,71.26,7.38
181,Mocuba,100,MZ,1612654532,95,-16.8392,36.9856,74.01,2.95
182,Amboise,90,FR,1612654532,93,47.4125,0.9827,44.01,12.66
183,Bathsheba,20,BB,1612654290,73,13.2167,-59.5167,77.0,17.27
184,Fort Nelson,1,CA,1612654533,64,58.8053,-122.7002,-14.8,3.44
185,Fethiye,0,TR,1612654533,100,36.6217,29.1164,48.2,4.61
186,Gunjur,69,GM,1612654533,55,13.2019,-16.7339,69.73,16.24
187,Yellowknife,1,CA,1612654501,67,62.456,-114.3525,-36.4,3.44
188,Ust-Maya,100,RU,1612654533,84,60.4167,134.5333,-26.77,1.77
189,Nouakchott,84,MR,1612654533,41,18.0858,-15.9785,60.8,6.91
190,Caravelas,100,BR,1612654312,87,-17.7125,-39.2481,77.74,9.48
191,Trairi,48,BR,1612654533,81,-3.2778,-39.2689,78.6,8.03
192,Yining,4,CN,1612654534,86,29.0361,114.5636,52.14,1.07
193,Sarkand,100,KZ,1612654534,69,45.41,79.9186,40.5,10.29
194,Mapimí,1,MX,1612654534,7,25.8167,-103.85,80.6,11.7
195,Itarema,14,BR,1612654534,82,-2.9248,-39.9167,78.8,10.83
196,Kruisfontein,46,ZA,1612654534,85,-34.0033,24.7314,66.0,3.0
197,Nokha,0,IN,1612654517,39,27.6,73.4167,54.27,6.42
198,Narsaq,38,GL,1612654534,79,60.9167,-46.05,20.82,3.89
199,Cidreira,63,BR,1612654535,74,-30.1811,-50.2056,69.87,4.59
200,Palmer,20,US,1612654262,35,42.1584,-72.3287,35.6,8.05
201,Hasaki,20,JP,1612654307,70,35.7333,140.8333,41.0,4.61
202,Tatarsk,100,RU,1612654535,96,55.219,75.9828,25.95,18.07
203,Norman Wells,75,CA,1612654535,68,65.282,-126.8329,-27.4,3.44
204,Brownsville,1,US,1612654535,64,25.9018,-97.4975,73.4,9.22
205,Aksu,51,CN,1612654284,79,41.1231,80.2644,27.39,3.91
206,Port Blair,11,IN,1612654318,78,11.6667,92.75,77.76,8.32
207,Tokoname,20,JP,1612654536,81,34.8833,136.85,48.2,10.36
208,São Filipe,38,CV,1612654536,74,14.8961,-24.4956,69.66,14.81
209,Yicheng,4,CN,1612654536,71,31.3705,119.8703,55.0,1.1
210,Shalinskoye,89,RU,1612654536,95,55.7228,93.7594,21.72,8.28
211,Port-Gentil,40,GA,1612654536,89,-0.7193,8.7815,80.6,6.91
212,Alugan,64,PH,1612654536,86,12.2188,125.4808,80.4,14.58
213,Bököny,90,HU,1612654536,93,47.7333,21.75,33.8,11.5
214,São Félix do Xingu,41,BR,1612654537,92,-6.6447,-51.995,73.72,1.03
215,Nicoya,40,CR,1612654537,58,10.1483,-85.452,86.0,11.5
216,Saldanha,13,ZA,1612654537,82,-33.0117,17.9442,64.4,3.44
217,Krasnyy Chikoy,73,RU,1612654537,86,50.3643,108.7512,-7.06,2.73
218,Magadan,100,RU,1612654537,87,59.5667,150.8,10.71,11.25
219,Beaverton,90,US,1612654537,93,45.4871,-122.8037,46.99,14.97
220,Brigantine,1,US,1612654537,39,39.4101,-74.3646,44.6,5.75
221,Mahébourg,20,MU,1612654280,83,-20.4081,57.7,77.0,3.44
222,Port Elizabeth,0,ZA,1612654538,77,-33.918,25.5701,68.0,12.66
223,Constitución,52,CL,1612654314,87,-35.3333,-72.4167,59.85,5.99
224,Bafoulabé,91,ML,1612654538,19,13.8065,-10.8321,76.33,7.49
225,Charlottesville,1,US,1612654436,36,38.0293,-78.4767,46.4,3.44
226,Hay River,65,CA,1612654538,61,60.8156,-115.7999,-31.0,3.44
227,Aklavik,90,CA,1612654319,71,68.2191,-135.0107,-7.6,10.36
228,Rūdbār,0,AF,1612654267,35,30.15,62.6,53.69,3.6
229,Sitka,40,US,1612654388,60,57.0531,-135.33,35.6,18.41
230,Istok,0,XK,1612654264,75,42.7808,20.4875,41.0,1.66
231,Escanaba,40,US,1612654539,61,45.7453,-87.0646,8.6,6.91
232,Codrington,100,AU,1612654308,68,-38.2667,141.9667,59.0,11.81
233,Nikolskoye,0,RU,1612654539,85,59.7035,30.7861,8.01,13.42
234,Hofn,98,IS,1612654319,91,64.2539,-15.2082,32.86,18.59
235,Sakakah,0,SA,1612654539,61,29.9697,40.2064,48.2,11.5
236,Vardø,100,NO,1612654305,95,70.3705,31.1107,27.16,28.32
237,Elizabeth City,1,US,1612654539,53,36.2946,-76.2511,45.0,5.75
238,Hithadhoo,45,MV,1612654539,75,-0.6,73.0833,81.57,13.6
239,Bastrop,90,US,1612654540,100,32.7562,-91.8724,48.99,3.44
240,Naze,75,JP,1612654299,68,28.3667,129.4833,64.4,4.61
241,Newport Beach,1,US,1612654540,46,33.6189,-117.9289,75.0,6.91
242,Tacuarembó,0,UY,1612654540,60,-31.7333,-55.9833,67.73,2.3
243,Mossamedes,20,AO,1612654540,78,-15.1961,12.1522,70.84,6.55
244,Hambantota,96,LK,1612654540,83,6.1241,81.1185,76.41,14.58
245,Fukuechō,40,JP,1612654283,87,32.6881,128.8419,46.4,4.61
246,Tsimmerbude,0,RU,1612654541,85,54.675,20.1347,-0.4,2.24
247,Zhangye,0,CN,1612654541,69,38.9342,100.4517,25.68,2.68
248,Nola,0,IT,1612654541,62,40.922,14.5329,64.99,2.3
249,Chui,0,UY,1612654541,80,-33.6971,-53.4616,67.64,10.04
250,Matara,90,LK,1612654541,89,5.9485,80.5353,73.99,4.41
251,Mar del Plata,20,AR,1612654541,77,-38.0023,-57.5575,64.0,12.66
252,Iqaluit,90,CA,1612654541,74,63.7506,-68.5145,26.6,20.71
253,Kaitangata,3,NZ,1612654541,74,-46.2817,169.8464,64.99,7.0
254,Sisimiut,0,GL,1612654542,79,66.9395,-53.6735,21.47,22.01
255,Bahía Blanca,1,AR,1612654542,64,-38.7196,-62.2724,70.03,16.75
256,Kosino,100,RU,1612654542,90,58.4127,51.2782,-6.29,7.72
257,Kahului,20,US,1612654542,50,20.8947,-156.47,77.0,11.5
258,Manono,100,CD,1612654542,92,-7.3,27.4167,70.79,0.45
259,Mae Sai,35,TH,1612654542,94,20.4335,99.8762,68.0,0.87
260,Port Macquarie,52,AU,1612654542,73,-31.4333,152.9167,81.0,1.99
261,Vila Velha,75,BR,1612654300,83,-20.3297,-40.2925,82.99,8.05
262,Frontera,20,MX,1612654543,25,26.9333,-101.45,77.0,11.5
263,Ilulissat,7,GL,1612654356,46,69.2167,-51.1,23.0,29.93
264,Belyy Yar,53,RU,1612654543,85,53.6039,91.3903,6.8,4.47
265,Sørland,50,NO,1612654543,80,67.667,12.6934,35.22,21.36
266,Richards Bay,83,ZA,1612654517,87,-28.783,32.0377,72.91,9.06
267,Faya,0,SA,1612654303,76,18.3851,42.4509,48.2,2.64
268,Balkanabat,99,TM,1612654296,60,39.5108,54.3671,48.79,8.55
269,Morondava,87,MG,1612654544,82,-20.2833,44.2833,79.9,7.58
270,Sananduva,5,BR,1612654544,85,-27.9497,-51.8067,59.34,4.0
271,Leningradskiy,0,RU,1612654544,74,69.3833,178.4167,-9.99,6.04
272,Ayan,100,RU,1612654544,90,56.45,138.1667,-2.97,15.14
273,Iracoubo,100,GF,1612654317,87,5.4802,-53.2011,77.68,13.71
274,Port Lincoln,88,AU,1612654544,67,-34.7333,135.8667,62.33,11.16
275,Manggar,89,ID,1612654545,81,-2.8833,108.2667,79.97,12.28
276,Salamiyah,0,SY,1612654545,84,35.0113,37.0532,49.21,5.77
277,Sabha,46,LY,1612654545,29,27.0377,14.4283,60.87,12.1
278,New Norfolk,69,AU,1612654545,60,-42.7826,147.0587,64.0,1.99
279,Sovetskiy,100,RU,1612654545,91,61.3614,63.5842,-8.79,13.29
280,Muaná,56,BR,1612654545,88,-1.5283,-49.2167,77.92,5.93
281,Nanortalik,24,GL,1612654450,83,60.1432,-45.2371,23.5,9.86
282,Provideniya,35,RU,1612654545,89,64.3833,-173.3,2.03,5.1
283,Yumen,98,CN,1612654545,67,40.2833,97.2,26.58,1.9
284,Hamilton,40,US,1612654316,47,39.1834,-84.5333,33.8,6.91
285,Isangel,20,VU,1612654301,74,-19.55,169.2667,86.0,5.75
286,Lata,27,PT,1612654301,81,40.1629,-8.3327,51.01,3.0
287,Ochtrup,100,DE,1612654546,77,52.2167,7.1833,28.0,11.01
288,Aktau,0,KZ,1612654546,75,43.65,51.2,33.8,4.47
289,Aksarka,98,RU,1612654395,82,66.5606,67.7975,-33.83,20.56
290,Loxstedt,100,DE,1612654546,100,53.4667,8.65,27.0,4.0
291,Bandarbeyla,8,SO,1612654546,81,9.4942,50.8122,75.06,11.81
292,Guerrero Negro,0,MX,1612654296,40,27.9769,-114.0611,69.21,11.27
293,Camopi,100,GF,1612654547,98,3.1655,-52.3158,73.22,2.13
294,Ninghai,79,CN,1612654547,99,29.2892,121.4247,54.0,1.34
295,Annau,90,TM,1612654547,81,37.8876,58.516,50.0,4.61
296,Kelvington,61,CA,1612654547,63,52.1667,-103.5343,-20.2,4.61
297,Biloela,2,AU,1612654547,50,-24.4167,150.5,88.21,8.55
298,Shalakusha,93,RU,1612654547,90,62.2247,40.2539,-8.45,6.02
299,Conakry,40,GN,1612654548,83,9.538,-13.6773,80.6,2.3
300,Nyandoma,98,RU,1612654548,91,61.669,40.1991,-8.36,7.29
301,Dali,7,CN,1612654548,71,25.7,100.1833,41.18,2.35
302,Morinville,1,CA,1612654548,64,53.8001,-113.652,-14.8,4.61
303,Camacha,40,PT,1612654548,63,33.0833,-16.3333,59.0,12.66
304,Stabat,40,ID,1612654548,94,3.761,98.4513,77.0,2.3
305,Santa Cruz do Capibaribe,45,BR,1612654548,70,-7.9575,-36.2047,74.46,8.32
306,Ostrovnoy,100,RU,1612654549,91,68.0531,39.5131,8.42,9.86
307,Umm Hājar,24,TD,1612654549,25,13.2954,19.6966,63.77,9.55
308,Champerico,20,GT,1612654549,55,14.3,-91.9167,87.8,9.22
309,Bariloche,0,AR,1612654549,13,-41.1456,-71.3082,87.8,14.97
310,Port Hardy,75,CA,1612654287,81,50.6996,-127.4199,44.6,12.66
311,Arinos,100,BR,1612654549,94,-15.9169,-46.1056,71.6,3.27
312,Nome,90,US,1612654282,79,64.5011,-165.4064,17.6,6.91
313,Pitimbu,20,BR,1612654549,78,-7.4706,-34.8086,80.6,5.75
314,Yantzaza,91,EC,1612654550,83,-3.8278,-78.7594,70.72,0.2
315,Simbahan,100,PH,1612654550,81,6.3032,120.5836,81.43,15.5
316,Suleja,80,NG,1612654550,41,9.1758,7.1808,78.8,3.44
317,Malakal,12,SS,1612654550,25,9.5334,31.6605,65.95,8.7
318,Ambulu,88,ID,1612654550,82,-8.345,113.6058,78.98,2.3
319,Qaqortoq,27,GL,1612654550,81,60.7167,-46.0333,20.37,6.2
320,Kavieng,48,PG,1612654550,65,-2.5744,150.7967,84.74,1.3
321,Srednekolymsk,27,RU,1612654551,83,67.45,153.6833,-17.09,0.54
322,Filingué,48,NE,1612654551,19,14.3521,3.3168,75.36,8.7
323,Yerbogachën,97,RU,1612654407,91,61.2767,108.0108,-3.87,8.01
324,Ahipara,95,NZ,1612654281,58,-35.1667,173.1667,72.21,3.67
325,Ponta do Sol,11,PT,1612654551,67,32.6667,-17.1,55.0,1.99
326,Zamora,71,EC,1612654551,73,-4.0692,-78.9567,69.87,0.67
327,Nizhnyaya Tura,100,RU,1612654552,91,58.6293,59.8118,-5.26,6.76
328,Tautira,20,PF,1612654552,61,-17.7333,-149.15,84.2,12.66
329,Beringovskiy,48,RU,1612654552,89,63.05,179.3167,-7.01,10.42
330,Vila Franca do Campo,75,PT,1612654552,94,37.7167,-25.4333,60.01,18.41
331,Coruripe,15,BR,1612654552,81,-10.1256,-36.1756,78.91,15.88
332,San Patricio,1,US,1612654298,41,28.017,-97.5169,75.2,13.8
333,Limbang,20,MY,1612654552,94,4.75,115.0,78.8,0.83
334,Dhenkānāl,0,IN,1612654553,88,20.6667,85.6,64.4,1.14
335,Lødingen,90,NO,1612654553,93,68.414,15.9951,28.0,2.3
336,Rangkasbitung,75,ID,1612654553,78,-6.3591,106.2494,80.6,13.8
337,Tromsø,75,NO,1612654553,93,69.6496,18.957,26.6,12.66
338,Tocopilla,20,CL,1612654553,66,-22.092,-70.1979,69.04,5.26
339,Chokurdakh,38,RU,1612654553,86,70.6333,147.9167,-22.81,3.33
340,Ancud,0,CL,1612654362,43,-41.8697,-73.8203,73.4,8.05
341,Ambon City,40,ID,1612654554,89,-3.6954,128.1814,78.8,4.61
342,Lander,90,US,1612654554,38,42.833,-108.7307,35.6,8.05
343,Clarence Town,19,AU,1612654554,78,-32.5833,151.7833,79.0,10.36
344,La Maddalena,0,IT,1612654554,87,41.2142,9.4083,53.6,16.11
345,Madimba,40,TZ,1612654554,89,-10.4,40.3333,78.8,9.22
346,Rome,1,US,1612654449,46,43.2128,-75.4557,24.8,6.91
347,Fortuna,1,US,1612654466,81,40.5982,-124.1573,54.0,17.27
348,Dori,61,BF,1612654554,17,14.0354,-0.0345,78.39,9.1
349,Tabou,17,CI,1612654555,90,4.423,-7.3528,79.05,8.39
350,Elko,1,US,1612654555,25,41.0002,-115.5012,51.8,20.71
351,Galle,100,LK,1612654555,87,6.0367,80.217,75.85,5.32
352,Vanderhoof,100,CA,1612654555,91,54.0166,-124.0198,6.6,4.79
353,Tommot,96,RU,1612654365,81,58.9564,126.2925,-20.94,0.65
354,Bethel,1,US,1612654555,38,41.3712,-73.414,41.0,5.75
355,Indianola,90,US,1612654393,66,41.3581,-93.5574,8.01,9.22
356,Palana,100,RU,1612654435,93,59.1167,159.9667,12.79,34.63
357,Great Yarmouth,90,GB,1612654556,87,52.6083,1.7305,37.99,21.85
358,Monterey,0,US,1612654556,42,36.2505,-121.2516,72.0,8.99
359,Tura,84,IN,1612654556,64,25.5198,90.2201,55.38,1.45
360,Iralaya,40,HN,1612654556,82,15.0,-83.2333,84.2,8.05
361,Savé,53,BJ,1612654556,78,8.0425,2.486,79.23,4.97
362,Estepona,75,ES,1612654377,76,36.4276,-5.1459,55.4,16.11
363,Olafsvik,50,IS,1612654314,84,64.8945,-23.7142,33.6,14.81
364,Gizo Government Station,100,SB,1612654557,74,-8.103,156.8419,82.2,1.88
365,Adelaide,75,AU,1612654557,72,-34.9333,138.6,66.0,11.5
366,Prainha,46,BR,1612654557,73,-1.8,-53.48,78.67,3.36
367,Karabük,2,TR,1612654557,56,41.2049,32.6277,48.74,1.61
368,Tiznit Province,37,MA,1612654328,85,29.5833,-9.5,48.51,13.69
369,Yakeshi,20,CN,1612654557,86,49.2833,120.7333,-21.68,3.31
370,Lamar,90,US,1612654557,93,33.6668,-95.5836,42.01,12.66
371,Huinan,1,CN,1612654557,91,42.6225,126.2614,1.27,2.82
372,Sendafa,62,ET,1612654558,93,9.15,39.0333,47.46,1.79
373,Mogadishu,17,SO,1612654304,82,2.0371,45.3438,76.03,17.07
374,Zhezkazgan,69,KZ,1612654558,95,47.8043,67.7144,16.81,16.53
375,Bétérou,80,BJ,1612654558,22,9.1992,2.2586,76.98,2.71
376,Kiryat Gat,1,IL,1612654446,100,31.61,34.7642,55.99,1.12
377,Weyburn,21,CA,1612654303,63,49.6668,-103.8511,-16.6,8.05
378,Atar,1,MR,1612654558,36,20.5169,-13.0499,59.54,13.29
379,Haines Junction,95,CA,1612654558,54,60.7522,-137.5108,-5.8,2.3
380,Antalaha,91,MG,1612654558,85,-14.9003,50.2788,74.95,3.58
381,Kyren,80,RU,1612654317,79,51.6828,102.1408,5.59,2.01
382,Alice Springs,61,AU,1612654559,29,-23.7,133.8833,80.01,16.11
383,Laguna,1,US,1612654305,48,38.421,-121.4238,64.99,4.61
384,Mīzan Teferī,16,ET,1612654559,40,6.9833,35.5833,63.43,0.78
385,Wenatchee,20,US,1612654515,57,47.4235,-120.3103,48.2,17.27
386,Luwuk,100,ID,1612654559,68,-0.9516,122.7875,81.79,1.12
387,Gualaquiza,69,EC,1612654559,89,-3.4,-78.55,66.7,0.98
388,Akhisar,0,TR,1612654559,69,38.9185,27.8401,51.66,2.17
389,Puerto Madero,1,MX,1612654559,51,14.7208,-92.4215,86.0,9.22
390,Flinders,1,AU,1612654396,72,-34.5833,150.8552,75.99,1.01
391,Ucluelet,20,CA,1612654560,76,48.9329,-125.5528,51.01,19.57
392,Saint-Augustin,100,CA,1612654560,95,51.226,-58.6502,33.98,17.98
393,Biak,100,ID,1612654560,72,-0.9131,122.8766,79.88,1.79
394,Gachsaran,90,IR,1612654560,87,30.3586,50.7981,53.6,4.61
395,Takoradze,1,GH,1612654560,88,4.8845,-1.7554,79.63,8.88
396,Amapá,100,BR,1612654560,98,1.0,-52.0,72.01,2.37
397,Atambua,91,ID,1612654380,83,-9.1061,124.8925,78.28,2.73
398,Killybegs,16,IE,1612654561,87,54.6333,-8.45,39.0,5.99
399,Raudeberg,0,NO,1612654561,74,61.9875,5.1352,24.01,9.22
400,Ankazoabo,10,MG,1612654561,86,-22.2833,44.5167,73.18,3.09
401,Maniitsoq,0,GL,1612654374,80,65.4167,-52.9,28.38,21.61
402,Kearney,40,US,1612654282,72,40.6995,-99.0815,10.4,5.75
403,Kot Samaba,0,PK,1612654562,40,28.5522,70.4684,52.34,4.34
404,Ixtapa,75,MX,1612654541,69,20.7,-105.2,75.2,10.36
405,Shahr-e Bābak,44,IR,1612654562,52,30.1165,55.1186,44.31,9.4
406,Marevo,99,RU,1612654562,94,57.3146,32.0804,5.11,7.61
407,Grand-Lahou,0,CI,1612654562,89,5.1367,-5.0242,79.5,10.29
408,Lengshuitan,43,CN,1612654563,74,26.4111,111.5956,57.6,0.78
409,Powell River,40,CA,1612654563,71,49.8496,-124.5361,46.4,10.36
410,Madridejos,60,ES,1612654563,95,39.4682,-3.532,46.0,3.0
411,Ilanskiy,95,RU,1612654563,95,56.2358,96.065,20.53,8.19
412,Villamartín,75,ES,1612654563,93,36.8598,-5.6449,52.0,6.91
413,Esperance,75,AU,1612654309,100,-33.8667,121.9,59.0,12.66
414,Karratha,13,AU,1612654564,58,-20.7377,116.8463,80.42,8.93
415,Siocon,92,PH,1612654564,77,7.7061,122.1353,80.2,7.07
416,Ajdabiya,35,LY,1612654564,42,30.7554,20.2263,61.43,11.7
417,Samokov,100,BG,1612654564,87,42.3333,23.55,46.0,4.61
418,Nago,75,JP,1612654564,77,26.5881,127.9761,68.0,9.22
419,Turangi,79,NZ,1612654564,49,-39.0,175.9333,75.99,3.0
420,Yangi Marg`ilon,100,UZ,1612654308,49,40.4272,71.7189,42.8,4.61
421,Kerman,0,IR,1612654565,21,30.2832,57.0788,35.6,4.61
422,Oruzgan,47,AF,1612654565,53,32.8333,66.0,44.6,6.15
423,Kathu,20,TH,1612654565,94,7.9178,98.3332,73.4,2.3
424,Bismarck,1,US,1612654565,46,46.8083,-100.7837,-0.4,12.66
425,Mutoko,99,ZW,1612654565,100,-17.397,32.2268,63.99,2.93
426,Shimoda,20,JP,1612654563,76,34.6667,138.95,50.0,4.61
427,Dillon,90,US,1612654565,61,34.4166,-79.3712,46.99,6.91
428,San Jerónimo,96,PE,1612654292,70,-11.9472,-75.2829,53.53,3.91
429,Engenheiro Beltrão,20,BR,1612654566,53,-23.7972,-52.2692,77.0,4.43
430,Pochutla,75,MX,1612654566,74,15.7432,-96.4661,81.0,11.5
431,Chicama,75,PE,1612654566,88,-7.8447,-79.1469,69.8,11.5
432,Ringkøbing,1,DK,1612654566,84,56.0901,8.244,23.0,4.0
433,Sierpc,67,PL,1612654566,93,52.8568,19.6691,10.72,11.83
434,Trelew,68,AR,1612654566,65,-43.249,-65.3051,58.46,23.42
435,Calvinia,0,ZA,1612654567,77,-31.4707,19.776,61.09,4.18
436,Pechora,100,RU,1612654567,83,65.1472,57.2244,-30.8,12.24
437,Matadi,96,CD,1612654567,90,-5.8167,13.45,77.52,3.83
438,Mandan,1,US,1612654492,59,46.8267,-100.8896,-0.4,10.36
439,Sabang,43,ID,1612654567,74,5.8933,95.3214,82.42,14.76
440,Chipinge,93,ZW,1612654567,100,-20.1883,32.6236,64.33,2.62
441,Balikpapan,100,ID,1612654567,86,-1.2675,116.8289,77.86,3.49
442,Genhe,0,CN,1612654568,84,50.7833,121.5167,-20.42,1.32
443,Ayorou,53,NE,1612654568,19,14.7308,0.9174,75.22,8.19
444,Mackay,40,AU,1612654338,74,-21.15,149.2,84.99,10.36
445,Wattegama,90,LK,1612654568,94,6.7989,81.4808,71.42,6.53
446,Rubiataba,100,BR,1612654568,94,-15.1644,-49.8033,71.19,10.8
447,Torbay,90,CA,1612654568,100,47.6666,-52.7314,43.0,17.27
448,Valparaíso,90,CL,1612654305,82,-33.0393,-71.6273,64.0,5.75
449,Mukhen,99,RU,1612654569,88,48.1,136.1,-8.9,1.41
450,Baikunthpur,0,IN,1612654569,62,23.25,82.55,47.7,3.2
451,Bima,84,ID,1612654320,77,-8.4667,118.7167,81.14,2.28
452,Baculin,100,PH,1612654569,86,7.4525,126.5842,78.42,7.94
453,Hoa Binh,0,VN,1612654569,88,20.8133,105.3383,62.6,5.75
454,Santa Rosa,40,PH,1612654569,88,14.3122,121.1114,82.0,9.71
455,Road Town,75,VG,1612654479,88,18.4167,-64.6167,77.0,12.66
456,Sorong,100,ID,1612654569,79,-0.8833,131.25,81.18,2.37
457,Örnsköldsvik,0,SE,1612654569,86,63.2909,18.7153,15.8,9.22
458,Al Bardīyah,46,LY,1612654570,56,31.7561,25.0865,61.5,7.23
459,Nantucket,1,US,1612654570,65,41.2835,-70.0995,39.2,23.02
460,Mandalgovi,0,MN,1612654423,86,45.7625,106.2708,4.28,7.96
461,Swan Hill,77,AU,1612654570,49,-35.3378,143.5544,70.84,11.59
462,Jianning,25,CN,1612654570,100,27.8333,113.15,46.4,2.24
463,Safi,64,MA,1612654570,71,32.2994,-9.2372,55.89,6.78
464,Cambridge,20,CA,1612654407,67,43.3601,-80.3127,16.0,12.66
465,Boa Vista,20,BR,1612654335,58,2.8197,-60.6733,86.0,5.75
466,Bundaberg,36,AU,1612654571,51,-24.85,152.35,90.0,9.22
467,Deputatsky,1,RU,1612654571,84,69.3,139.9,-34.37,1.7
468,Jinchang,0,CN,1612654571,69,38.4953,102.1739,26.4,2.68
469,Lagoa,100,PT,1612654571,90,39.05,-27.9833,60.04,25.48
470,Gushikawa,75,JP,1612654571,77,26.3544,127.8686,68.0,9.22
471,Qasigiannguit,16,GL,1612654571,46,68.8193,-51.1922,23.0,29.93
472,Mława,0,PL,1612654571,84,53.1128,20.3841,10.0,8.88
473,Taltal,22,CL,1612654572,74,-25.4,-70.4833,64.29,3.44
474,Gimli,96,CA,1612654433,58,50.6336,-96.9907,-16.6,6.91
475,Lincoln,1,US,1612654472,61,40.8,-96.667,9.0,9.22
476,Ballina,40,AU,1612654344,65,-28.8667,153.5667,82.4,1.14
477,Pacific Grove,1,US,1612654572,63,36.6177,-121.9166,60.8,3.44
478,Seda,0,LV,1612654572,90,57.65,25.75,5.0,3.22
479,Tankhoy,54,RU,1612654572,84,51.5528,105.1306,13.89,2.24
480,Ribeira Brava,8,PT,1612654572,82,32.65,-17.0667,55.0,8.01
481,Orotukan,99,RU,1612654573,85,62.2667,151.7,-16.22,2.66
482,Roebourne,43,AU,1612654573,61,-20.7833,117.1333,80.49,10.16
483,Auburn,75,US,1612654292,76,47.3073,-122.2284,51.01,18.41
484,Lensk,84,RU,1612654573,90,60.7253,114.9278,-2.34,3.27
485,Kota Belud,20,MY,1612654573,94,6.351,116.4305,75.2,4.61
486,Samaná,20,DO,1612654573,78,19.2056,-69.3369,80.6,10.85
487,Krasnosel'kup,99,RU,1612654573,89,65.7,82.4667,-10.95,12.5
488,Kaura Namoda,84,NG,1612654574,23,12.5898,6.5779,68.81,10.0
489,Talnakh,0,RU,1612654574,73,69.4865,88.3972,-29.15,2.24
490,Terney,0,RU,1612654574,86,45.0503,136.6092,3.16,12.48
491,Churapcha,100,RU,1612654574,82,62.0025,132.4325,-31.9,2.73
492,Piteå,9,SE,1612654574,92,65.3172,21.4794,12.2,13.8
493,Akmenė,90,LT,1612654574,92,56.25,22.75,10.4,2.3
494,Owando,80,CG,1612654574,91,-0.4819,15.8999,73.2,2.62
495,Gusinoye Ozero,86,RU,1612654574,85,51.1144,106.2614,-6.77,2.17
496,Henties Bay,33,NA,1612654575,89,-22.116,14.2845,64.0,1.99
497,Pimenta Bueno,72,BR,1612654575,94,-11.6725,-61.1936,73.89,3.4
498,Umluj,0,SA,1612654278,46,25.0213,37.2685,69.26,14.43
499,Yulara,0,AU,1612654575,29,-25.2406,130.9889,78.8,18.41
500,Subate,31,LV,1612654575,94,56.0062,25.9076,1.87,3.31
501,Labuan,20,MY,1612654575,94,5.2767,115.2417,78.8,7.29
502,Chikwawa,100,MW,1612654576,87,-16.0335,34.8009,75.78,1.83
503,Kot Addu,1,PK,1612654576,82,30.4692,70.9671,53.6,3.27
504,Hermiston,40,US,1612654497,47,45.8404,-119.2895,54.0,33.38
505,Bodaybo,100,RU,1612654576,86,57.8506,114.1933,-2.45,2.1
506,Sanaur,0,IN,1612654576,78,30.3025,76.4553,47.57,7.25
507,Znamenskoye,100,RU,1612654576,95,57.1281,73.8282,32.65,16.2
508,Burnie,28,AU,1612654576,85,-41.0667,145.9167,68.0,5.01
509,Luang Prabang,0,LA,1612654576,79,19.8856,102.1347,63.66,1.14
510,Pentecoste,49,BR,1612654577,74,-3.7928,-39.2703,81.0,14.0
511,Nexø,75,DK,1612654577,80,55.0607,15.1306,28.4,11.5
512,Erdenet,21,MN,1612654577,83,49.0333,104.0833,-1.03,3.47
513,Shahrud,100,IR,1612654577,86,36.4182,54.9763,42.67,3.22
514,Nokaneng,100,BW,1612654577,90,-19.6667,22.2667,70.65,5.91
515,Basqal,9,AZ,1612654577,93,40.7552,48.391,28.4,8.39
516,Ujhāni,0,IN,1612654578,66,28.0167,79.0167,49.44,8.88
517,Tianpeng,0,CN,1612654578,1,30.9866,103.9393,51.01,3.36
518,North Battleford,1,CA,1612654432,69,52.7834,-108.2847,-18.4,5.75
519,Progreso,20,MX,1612654337,61,21.2833,-89.6667,84.2,6.91
520,Mikuni,40,JP,1612654578,87,36.2171,136.1519,39.2,5.75
521,Payo,87,ID,1612654578,94,-3.7508,103.6372,73.35,2.42
522,Lamu,33,KE,1612654578,86,-2.2717,40.902,76.44,6.76
523,Linfen,67,CN,1612654578,53,36.0889,111.5189,42.13,2.51
524,Salalah,75,OM,1612654313,68,17.0151,54.0924,73.4,5.75
525,Lao Cai,73,VN,1612654579,78,22.4833,103.95,65.48,0.92
526,Presidencia Roque Sáenz Peña,0,AR,1612654579,42,-26.7852,-60.4388,75.78,5.5
527,Yar-Sale,100,RU,1612654579,86,66.8333,70.8333,-28.19,15.01
528,Woodstock,87,CA,1612654579,73,43.1334,-80.7497,17.6,5.75
529,Misawa,75,JP,1612654579,86,40.6836,141.3597,32.0,4.61
530,Esim,7,GH,1612654579,87,4.8699,-2.2405,79.86,9.44
531,Kousséri,44,CM,1612654580,18,12.0769,15.0306,71.6,11.5
532,Klaksvík,40,FO,1612654283,60,62.2266,-6.589,35.6,19.57
533,Lake City,90,US,1612654580,100,30.1897,-82.6393,55.99,4.61
534,Yangjiang,0,CN,1612654580,76,21.85,111.9667,63.46,3.04
535,Korgen,6,NO,1612654580,87,66.0771,13.8153,12.99,2.95
536,Visnes,0,NO,1612654581,62,59.3556,5.2242,15.8,5.75
537,Caraguatatuba,40,BR,1612654581,77,-23.6338,-45.4899,68.0,6.91
538,City of San Pedro,40,PH,1612654581,88,14.35,121.0167,82.0,9.46
539,Indio,1,US,1612654581,12,33.7206,-116.2156,82.4,9.22
540,Empalme,1,MX,1612654481,60,27.9667,-110.8167,81.0,11.5
541,Arrondissement de Nevers,90,FR,1612654581,93,46.9167,3.3333,46.4,11.5
542,Rāzampeta,57,IN,1612654581,64,14.1833,79.1667,63.61,1.3
543,Fuxin,0,CN,1612654581,76,42.0156,121.6589,12.7,12.66
544,San Luis,0,AR,1612654582,38,-33.295,-66.3356,74.75,5.57
545,Lovozero,100,RU,1612654582,95,68.005,35.0117,16.09,9.73
546,Luanda,20,AO,1612654377,83,-8.8368,13.2343,78.8,9.22
547,Inhambane,83,MZ,1612654582,88,-23.865,35.3833,76.93,7.07
548,Jesús Carranza,0,MX,1612654582,72,17.4333,-95.0333,78.31,19.98
549,Zeya,0,RU,1612654582,82,53.75,127.2667,-16.64,4.29
550,Batemans Bay,6,AU,1612654582,70,-35.7167,150.1833,73.0,5.01
551,San Ignacio,0,BZ,1612654329,52,17.1561,-89.0714,91.4,3.56
552,Dongsheng,0,CN,1612654583,82,39.8161,109.9776,17.53,6.87
553,Byron Bay,40,AU,1612654583,65,-28.65,153.6167,82.4,1.14
554,Akdepe,0,TM,1612654583,93,42.0551,59.3788,37.4,4.61
555,Freeport,1,US,1612654335,42,40.6576,-73.5832,41.0,9.22
556,Willowmore,4,ZA,1612654583,51,-33.2926,23.4895,64.47,4.81
557,Tarakan,75,ID,1612654583,100,3.3,117.6333,77.0,3.44
558,Santiago,0,CL,1612654484,68,-33.4569,-70.6483,72.0,6.91
559,Half Moon Bay,1,US,1612654310,77,37.4636,-122.4286,66.2,13.8
560,Darnah,87,LY,1612654584,49,32.767,22.6367,62.13,13.47
561,Pecos,1,US,1612654285,9,31.4229,-103.4932,64.4,6.91
562,Afşin,1,TR,1612654584,90,38.2477,36.914,30.43,0.4
563,Daru,88,PG,1612654584,69,-9.0763,143.2092,85.06,11.45
564,Novoagansk,100,RU,1612654584,98,61.9449,76.6625,34.63,10.83
565,Beira,75,MZ,1612654382,84,-19.8436,34.8389,84.2,3.44
566,Hobyo,0,SO,1612654340,81,5.3505,48.5268,76.68,14.36
567,Kulhudhuffushi,1,MV,1612654584,72,6.6221,73.07,80.96,8.81
568,Toora-Khem,50,RU,1612654585,89,52.4675,96.11,-2.38,1.86
569,Sterling,90,US,1612654585,39,39.0062,-77.4286,43.0,4.38
570,Ovalle,0,CL,1612654328,58,-30.5983,-71.2003,64.09,3.76
571,Denpasar,20,ID,1612654352,94,-8.65,115.2167,77.0,1.14
572,Demba,97,CD,1612654585,99,-5.51,22.2667,67.78,1.28
573,Lar,0,IN,1612654585,67,26.2039,83.9717,48.9,4.18
574,Adrar,99,MR,1612654585,39,20.5022,-10.0711,57.67,11.05
575,Batagay,100,RU,1612654373,85,67.6333,134.6333,-24.09,1.9
576,Ōmihachiman,0,JP,1612654586,82,35.1286,136.0976,46.0,5.99
577,Port Hedland,0,AU,1612654313,78,-20.3167,118.5667,78.8,5.75
578,Inuvik,100,CA,1612654586,69,68.3499,-133.7218,-20.2,2.3
579,Kokopo,60,PG,1612654586,68,-4.352,152.2633,84.0,6.71
580,Aldan,90,RU,1612654586,82,58.6031,125.3894,-22.59,2.68
